epsilon,rho,alfa,Eta.re,Eta.ce,Gamma.re,Gamma.ce,Nu.re,Nu.ce,k.re,k.ce,labor.growth_N,labor.growth_S,lambda.S,sigma.utility,Yre.0_N,Yce.0_N,Yre.0_S,Yce.0_S,size.factor,TimeStep,EndTime,Climate.Model,Beta.Delta.Temp,CO2.base,CO2.Disaster,Delta.Temp.Disaster,qsi,Delta.S,S.0,Future.ID,policy.name,Run.ID
3,0.001,0.33,0.02,0.02,0.25,0.25,0.02,0.02,0,0,0,0,0.1443,2,45.55074,193.2,27.82166,257.54634,4,5,300,GFDL-ESM2M,3.290828914,285.0510445,2784.237474,6,0.010007156,0.00070503,2402.71314,151,FWA,151
3,0.008,0.33,0.02,0.02,0.25,0.25,0.02,0.02,0,0,0,0,0.1443,2,45.55074,193.2,27.82166,257.54634,4,5,300,GFDL-ESM2M,3.290828914,285.0510445,2784.237474,6,0.010007156,0.00070503,2402.71314,156,FWA,156
3,0.015,0.33,0.02,0.02,0.25,0.25,0.02,0.02,0,0,0,0,0.1443,2,45.55074,193.2,27.82166,257.54634,4,5,300,GFDL-ESM2M,3.290828914,285.0510445,2784.237474,6,0.010007156,0.00070503,2402.71314,160,FWA,160
3,0.001,0.33,0.02,0.02,0.25,0.25,0.02,0.02,0,0,0,0,0.1443,2,45.55074,193.2,27.82166,257.54634,4,5,300,GFDL-ESM2M,3.290828914,285.0510445,2784.237474,6,0.010007156,0.00070503,2402.71314,151,Nordhaus+CoR&DGreenClimateFund,4351
3,0.008,0.33,0.02,0.02,0.25,0.25,0.02,0.02,0,0,0,0,0.1443,2,45.55074,193.2,27.82166,257.54634,4,5,300,GFDL-ESM2M,3.290828914,285.0510445,2784.237474,6,0.010007156,0.00070503,2402.71314,156,Nordhaus+CoR&DGreenClimateFund,4356
3,0.015,0.33,0.02,0.02,0.25,0.25,0.02,0.02,0,0,0,0,0.1443,2,45.55074,193.2,27.82166,257.54634,4,5,300,GFDL-ESM2M,3.290828914,285.0510445,2784.237474,6,0.010007156,0.00070503,2402.71314,160,Nordhaus+CoR&DGreenClimateFund,4360
3,0.001,0.33,0.02,0.02,0.25,0.25,0.02,0.02,0,0,0,0,0.1443,2,45.55074,193.2,27.82166,257.54634,4,5,300,GFDL-ESM2M,3.290828914,285.0510445,2784.237474,6,0.010007156,0.00070503,2402.71314,151,Nordhaus+CoR&DGreenClimateFund+TecS,4951
3,0.008,0.33,0.02,0.02,0.25,0.25,0.02,0.02,0,0,0,0,0.1443,2,45.55074,193.2,27.82166,257.54634,4,5,300,GFDL-ESM2M,3.290828914,285.0510445,2784.237474,6,0.010007156,0.00070503,2402.71314,156,Nordhaus+CoR&DGreenClimateFund+TecS,4956
3,0.015,0.33,0.02,0.02,0.25,0.25,0.02,0.02,0,0,0,0,0.1443,2,45.55074,193.2,27.82166,257.54634,4,5,300,GFDL-ESM2M,3.290828914,285.0510445,2784.237474,6,0.010007156,0.00070503,2402.71314,160,Nordhaus+CoR&DGreenClimateFund+TecS,4960